{
    "BL1": 
        { 
            "uuid_p1":  "G20-1_A1", 
            "uuid_dp":  "G20-1_A2",  
            "uuid_T1":  "G20-1_SPI2_1", 
            "D":        0.05526, 
            "d":        30.055e-3, 
            "dD":       0.039e-3, 
            "dd":       0.01e-3, 
            "dp1":      175, 
            "ddp":      12, 
            "dT1":      0.3
        },      
    "BL3": 
        { 
            "uuid_p1":  "G20-1_A5",
            "uuid_dp":  "G20-1_A6",
            "uuid_T1":  "G20-1_SPI2_2",
            "D":        0.05529, 
            "d":        37.134e-3, 
            "dD":       0.078e-3, 
            "dd":       0.01e-3, 
            "dp1":      175, 
            "ddp":      12, 
            "dT1":      0.3
        },      
    "BL7": 
        { 
            "uuid_p1":  "G20-1_B3", 
            "uuid_dp":  "G20-1_B4",  
            "uuid_T1":  "G20-1_SPI2_3", 
            "D":        0.05582, 
            "d":        15.159e-3, 
            "dD":       0.060e-3, 
            "dd":       0.01e-3, 
            "dp1":      175, 
            "ddp":      12, 
            "dT1":      0.3
        },
    "BL9": 
        { 
            "uuid_p1":  "G20-1_A9", 
            "uuid_dp":  "G20-1_A10", 
            "uuid_T1":  "G20-1_SPI2_0", 
            "D":        0.05532, 
            "d":        20.130e-3, 
            "dD":       0.033e-3, 
            "dd":       0.01e-3, 
            "dp1":      175, 
            "ddp":      12, 
            "dT1":      0.3}
 }
